workspaceId,size,coroutine,mode,timeMillis
b91468e3-af37-4adb-bc72-456c8d04f16d,250,1,kt_coordinator,221
b91468e3-af37-4adb-bc72-456c8d04f16d,250,1,kt_coordinator,140
b91468e3-af37-4adb-bc72-456c8d04f16d,250,1,kt_coordinator,94
da488679-9a25-4984-9c7b-c893f3f3c444,250,1,kt_fan,93
da488679-9a25-4984-9c7b-c893f3f3c444,250,1,kt_fan,43
da488679-9a25-4984-9c7b-c893f3f3c444,250,1,kt_fan,28
67b4e266-6f2b-4043-8424-5e5f2e0616e5,250,1,kt_pure,299
67b4e266-6f2b-4043-8424-5e5f2e0616e5,250,1,kt_pure,231
67b4e266-6f2b-4043-8424-5e5f2e0616e5,250,1,kt_pure,117
a0624028-a049-4227-9b1b-25b39a12b173,250,1,go_coordinator,46
a0624028-a049-4227-9b1b-25b39a12b173,250,1,go_coordinator,43
a0624028-a049-4227-9b1b-25b39a12b173,250,1,go_coordinator,48
112ba9f1-d06c-44d0-bc87-894f696fcb10,250,1,go_fan,20
112ba9f1-d06c-44d0-bc87-894f696fcb10,250,1,go_fan,26
112ba9f1-d06c-44d0-bc87-894f696fcb10,250,1,go_fan,23
03c015ea-1732-4cf3-b10f-aee9b34e098a,250,1,go_pure,87
03c015ea-1732-4cf3-b10f-aee9b34e098a,250,1,go_pure,85
03c015ea-1732-4cf3-b10f-aee9b34e098a,250,1,go_pure,84
205c12de-5f02-4f36-9bd9-5568af1af007,250,2,kt_coordinator,224
205c12de-5f02-4f36-9bd9-5568af1af007,250,2,kt_coordinator,132
205c12de-5f02-4f36-9bd9-5568af1af007,250,2,kt_coordinator,101
63776b89-d334-4a55-921b-d1fc09c29c3c,250,2,kt_fan,100
63776b89-d334-4a55-921b-d1fc09c29c3c,250,2,kt_fan,42
63776b89-d334-4a55-921b-d1fc09c29c3c,250,2,kt_fan,26
2519c0a1-7436-40eb-899c-d6ed04e5fabe,250,2,kt_pure,312
2519c0a1-7436-40eb-899c-d6ed04e5fabe,250,2,kt_pure,218
2519c0a1-7436-40eb-899c-d6ed04e5fabe,250,2,kt_pure,139
70fe3858-8ac4-4885-865e-69400328651d,250,2,go_coordinator,54
70fe3858-8ac4-4885-865e-69400328651d,250,2,go_coordinator,59
70fe3858-8ac4-4885-865e-69400328651d,250,2,go_coordinator,59
26303b25-43cf-4fd1-bdad-a988f0c2493c,250,2,go_fan,20
26303b25-43cf-4fd1-bdad-a988f0c2493c,250,2,go_fan,20
26303b25-43cf-4fd1-bdad-a988f0c2493c,250,2,go_fan,21
35c9c7be-e725-43d6-9a1c-1ce408854190,250,2,go_pure,84
35c9c7be-e725-43d6-9a1c-1ce408854190,250,2,go_pure,78
35c9c7be-e725-43d6-9a1c-1ce408854190,250,2,go_pure,75
fe750b98-473f-49b6-b223-3ee536005c37,250,3,kt_coordinator,212
fe750b98-473f-49b6-b223-3ee536005c37,250,3,kt_coordinator,146
fe750b98-473f-49b6-b223-3ee536005c37,250,3,kt_coordinator,95
3f9167e7-88bc-4fff-89db-ef3b3ed323b7,250,3,kt_fan,96
3f9167e7-88bc-4fff-89db-ef3b3ed323b7,250,3,kt_fan,41
3f9167e7-88bc-4fff-89db-ef3b3ed323b7,250,3,kt_fan,25
2ab9fc81-bae6-455b-9851-950b6ddb6c8d,250,3,kt_pure,316
2ab9fc81-bae6-455b-9851-950b6ddb6c8d,250,3,kt_pure,193
2ab9fc81-bae6-455b-9851-950b6ddb6c8d,250,3,kt_pure,130
83ee8875-6322-40fa-90f6-329f1e125167,250,3,go_coordinator,55
83ee8875-6322-40fa-90f6-329f1e125167,250,3,go_coordinator,54
83ee8875-6322-40fa-90f6-329f1e125167,250,3,go_coordinator,47
1cd527ac-da9e-4bde-ac9e-e8ba88be4dbc,250,3,go_fan,22
1cd527ac-da9e-4bde-ac9e-e8ba88be4dbc,250,3,go_fan,21
1cd527ac-da9e-4bde-ac9e-e8ba88be4dbc,250,3,go_fan,23
276a2d2a-e1c4-4312-a980-0cced94e84fe,250,3,go_pure,89
276a2d2a-e1c4-4312-a980-0cced94e84fe,250,3,go_pure,83
276a2d2a-e1c4-4312-a980-0cced94e84fe,250,3,go_pure,82
60d761de-df14-4004-b352-a4a634efa697,250,4,kt_coordinator,217
60d761de-df14-4004-b352-a4a634efa697,250,4,kt_coordinator,126
60d761de-df14-4004-b352-a4a634efa697,250,4,kt_coordinator,100
5c67b3ff-ca66-4264-ba73-eaa5b38d1f18,250,4,kt_fan,89
5c67b3ff-ca66-4264-ba73-eaa5b38d1f18,250,4,kt_fan,29
5c67b3ff-ca66-4264-ba73-eaa5b38d1f18,250,4,kt_fan,35
19ea63e8-988c-4751-ad3d-cbf9a139a254,250,4,kt_pure,304
19ea63e8-988c-4751-ad3d-cbf9a139a254,250,4,kt_pure,181
19ea63e8-988c-4751-ad3d-cbf9a139a254,250,4,kt_pure,107
d33fef05-419d-4e76-88d9-9841fae66302,250,4,go_coordinator,57
d33fef05-419d-4e76-88d9-9841fae66302,250,4,go_coordinator,56
d33fef05-419d-4e76-88d9-9841fae66302,250,4,go_coordinator,53
2092d4f2-29b1-4e84-93d0-6a90b0634e5e,250,4,go_fan,22
2092d4f2-29b1-4e84-93d0-6a90b0634e5e,250,4,go_fan,22
2092d4f2-29b1-4e84-93d0-6a90b0634e5e,250,4,go_fan,21
d7df05a0-131c-4fb8-bcbf-e7a090b3bfda,250,4,go_pure,96
d7df05a0-131c-4fb8-bcbf-e7a090b3bfda,250,4,go_pure,89
d7df05a0-131c-4fb8-bcbf-e7a090b3bfda,250,4,go_pure,85
9aa469d1-39ed-4294-90b2-12af2767af87,250,5,kt_coordinator,202
9aa469d1-39ed-4294-90b2-12af2767af87,250,5,kt_coordinator,104
9aa469d1-39ed-4294-90b2-12af2767af87,250,5,kt_coordinator,85
dd6f4206-6edf-44a8-9315-61b77502619b,250,5,kt_fan,85
dd6f4206-6edf-44a8-9315-61b77502619b,250,5,kt_fan,39
dd6f4206-6edf-44a8-9315-61b77502619b,250,5,kt_fan,25
2ae39378-bf27-41d5-9682-bc6795a1e716,250,5,kt_pure,284
2ae39378-bf27-41d5-9682-bc6795a1e716,250,5,kt_pure,173
2ae39378-bf27-41d5-9682-bc6795a1e716,250,5,kt_pure,116
33c70adb-42fd-4c49-85fc-0b59ec5bc341,250,5,go_coordinator,64
33c70adb-42fd-4c49-85fc-0b59ec5bc341,250,5,go_coordinator,71
33c70adb-42fd-4c49-85fc-0b59ec5bc341,250,5,go_coordinator,63
7b6d013e-94cb-4c11-99fd-6662c9cffa40,250,5,go_fan,22
7b6d013e-94cb-4c11-99fd-6662c9cffa40,250,5,go_fan,21
7b6d013e-94cb-4c11-99fd-6662c9cffa40,250,5,go_fan,22
53aa3ef2-6d84-46a2-9b94-f5f280629a4a,250,5,go_pure,95
53aa3ef2-6d84-46a2-9b94-f5f280629a4a,250,5,go_pure,78
53aa3ef2-6d84-46a2-9b94-f5f280629a4a,250,5,go_pure,77
9cd38aac-5e4e-475f-9c16-2f3f30fa41de,250,6,kt_coordinator,203
9cd38aac-5e4e-475f-9c16-2f3f30fa41de,250,6,kt_coordinator,109
9cd38aac-5e4e-475f-9c16-2f3f30fa41de,250,6,kt_coordinator,86
f5b53db6-1cfb-4ae1-ab57-a6b019e963d5,250,6,kt_fan,100
f5b53db6-1cfb-4ae1-ab57-a6b019e963d5,250,6,kt_fan,40
f5b53db6-1cfb-4ae1-ab57-a6b019e963d5,250,6,kt_fan,24
e4e2b4c1-15b2-49d3-bcba-8636b0092874,250,6,kt_pure,287
e4e2b4c1-15b2-49d3-bcba-8636b0092874,250,6,kt_pure,189
e4e2b4c1-15b2-49d3-bcba-8636b0092874,250,6,kt_pure,121
addab943-f2c5-4032-84af-8ad5a67ffef5,250,6,go_coordinator,59
addab943-f2c5-4032-84af-8ad5a67ffef5,250,6,go_coordinator,59
addab943-f2c5-4032-84af-8ad5a67ffef5,250,6,go_coordinator,62
437eb813-ef53-489e-b44e-61cb972016a8,250,6,go_fan,22
437eb813-ef53-489e-b44e-61cb972016a8,250,6,go_fan,21
437eb813-ef53-489e-b44e-61cb972016a8,250,6,go_fan,21
5f9f8510-1945-452b-b54a-67967e084213,250,6,go_pure,96
5f9f8510-1945-452b-b54a-67967e084213,250,6,go_pure,78
5f9f8510-1945-452b-b54a-67967e084213,250,6,go_pure,82
4f1fd253-25c5-4df8-b569-996ff57b9bcc,250,7,kt_coordinator,204
4f1fd253-25c5-4df8-b569-996ff57b9bcc,250,7,kt_coordinator,131
4f1fd253-25c5-4df8-b569-996ff57b9bcc,250,7,kt_coordinator,99
40fb6c6c-5dc8-484f-b0b1-b4b86f6b612f,250,7,kt_fan,99
40fb6c6c-5dc8-484f-b0b1-b4b86f6b612f,250,7,kt_fan,36
40fb6c6c-5dc8-484f-b0b1-b4b86f6b612f,250,7,kt_fan,27
649297fa-011b-4d75-b8a1-00d8191bc370,250,7,kt_pure,299
649297fa-011b-4d75-b8a1-00d8191bc370,250,7,kt_pure,191
649297fa-011b-4d75-b8a1-00d8191bc370,250,7,kt_pure,118
bd5146a8-3aaa-4938-8b57-bfe6392b33fe,250,7,go_coordinator,57
bd5146a8-3aaa-4938-8b57-bfe6392b33fe,250,7,go_coordinator,55
bd5146a8-3aaa-4938-8b57-bfe6392b33fe,250,7,go_coordinator,56
74cac2b6-938d-4096-9cca-6f822667e0e1,250,7,go_fan,22
74cac2b6-938d-4096-9cca-6f822667e0e1,250,7,go_fan,22
74cac2b6-938d-4096-9cca-6f822667e0e1,250,7,go_fan,20
575ffa43-9cb3-438a-971f-cabef4ec4c25,250,7,go_pure,110
575ffa43-9cb3-438a-971f-cabef4ec4c25,250,7,go_pure,83
575ffa43-9cb3-438a-971f-cabef4ec4c25,250,7,go_pure,84
6717fd61-3f86-47f9-b09a-48e66fd5763a,250,8,kt_coordinator,224
6717fd61-3f86-47f9-b09a-48e66fd5763a,250,8,kt_coordinator,111
6717fd61-3f86-47f9-b09a-48e66fd5763a,250,8,kt_coordinator,73
8d5fdc1f-2757-4b5e-ac6f-2b60d7faffa0,250,8,kt_fan,91
8d5fdc1f-2757-4b5e-ac6f-2b60d7faffa0,250,8,kt_fan,38
8d5fdc1f-2757-4b5e-ac6f-2b60d7faffa0,250,8,kt_fan,25
68e551aa-3bda-443f-875b-fb8dc38b9117,250,8,kt_pure,278
68e551aa-3bda-443f-875b-fb8dc38b9117,250,8,kt_pure,177
68e551aa-3bda-443f-875b-fb8dc38b9117,250,8,kt_pure,104
4940908e-3b0e-4715-9380-348a74180759,250,8,go_coordinator,57
4940908e-3b0e-4715-9380-348a74180759,250,8,go_coordinator,54
4940908e-3b0e-4715-9380-348a74180759,250,8,go_coordinator,63
7d850846-19b7-43cd-9ae4-d4112aa74ff3,250,8,go_fan,22
7d850846-19b7-43cd-9ae4-d4112aa74ff3,250,8,go_fan,22
7d850846-19b7-43cd-9ae4-d4112aa74ff3,250,8,go_fan,21
0735e69c-56fe-4789-9371-4c5cb3ad1c93,250,8,go_pure,100
0735e69c-56fe-4789-9371-4c5cb3ad1c93,250,8,go_pure,82
0735e69c-56fe-4789-9371-4c5cb3ad1c93,250,8,go_pure,82
0a174e24-d827-4d87-8ff6-b0dbbe173c3c,250,9,kt_coordinator,192
0a174e24-d827-4d87-8ff6-b0dbbe173c3c,250,9,kt_coordinator,109
0a174e24-d827-4d87-8ff6-b0dbbe173c3c,250,9,kt_coordinator,68
ee2f9091-6a18-4df2-b713-c72a8deda638,250,9,kt_fan,92
ee2f9091-6a18-4df2-b713-c72a8deda638,250,9,kt_fan,33
ee2f9091-6a18-4df2-b713-c72a8deda638,250,9,kt_fan,26
861caca7-480d-4885-b05b-35c0f0822bb4,250,9,kt_pure,298
861caca7-480d-4885-b05b-35c0f0822bb4,250,9,kt_pure,181
861caca7-480d-4885-b05b-35c0f0822bb4,250,9,kt_pure,116
2ce841d0-0155-40e9-82f9-50c5ff9cf857,250,9,go_coordinator,56
2ce841d0-0155-40e9-82f9-50c5ff9cf857,250,9,go_coordinator,56
2ce841d0-0155-40e9-82f9-50c5ff9cf857,250,9,go_coordinator,57
cca754ab-dd88-42d7-879a-779c55816abe,250,9,go_fan,23
cca754ab-dd88-42d7-879a-779c55816abe,250,9,go_fan,22
cca754ab-dd88-42d7-879a-779c55816abe,250,9,go_fan,21
10e9c925-59f4-424d-98aa-f80eb2707151,250,9,go_pure,95
10e9c925-59f4-424d-98aa-f80eb2707151,250,9,go_pure,84
10e9c925-59f4-424d-98aa-f80eb2707151,250,9,go_pure,80
eece95a5-d45f-43c9-8b42-7b46cfc1e1c6,250,10,kt_coordinator,217
eece95a5-d45f-43c9-8b42-7b46cfc1e1c6,250,10,kt_coordinator,120
eece95a5-d45f-43c9-8b42-7b46cfc1e1c6,250,10,kt_coordinator,66
98e8e691-2410-4820-8741-9c12fa9831ac,250,10,kt_fan,106
98e8e691-2410-4820-8741-9c12fa9831ac,250,10,kt_fan,41
98e8e691-2410-4820-8741-9c12fa9831ac,250,10,kt_fan,29
24e6e243-39c2-4562-8a9d-a4364a043a59,250,10,kt_pure,302
24e6e243-39c2-4562-8a9d-a4364a043a59,250,10,kt_pure,178
24e6e243-39c2-4562-8a9d-a4364a043a59,250,10,kt_pure,113
4c7f2d0d-04a8-49aa-bb50-6fe095d67e28,250,10,go_coordinator,56
4c7f2d0d-04a8-49aa-bb50-6fe095d67e28,250,10,go_coordinator,57
4c7f2d0d-04a8-49aa-bb50-6fe095d67e28,250,10,go_coordinator,58
322ea833-40b8-4851-8a45-d4d1cc13156e,250,10,go_fan,22
322ea833-40b8-4851-8a45-d4d1cc13156e,250,10,go_fan,22
322ea833-40b8-4851-8a45-d4d1cc13156e,250,10,go_fan,21
0375f012-c9e9-4eb8-9138-fa217801db2e,250,10,go_pure,99
0375f012-c9e9-4eb8-9138-fa217801db2e,250,10,go_pure,80
0375f012-c9e9-4eb8-9138-fa217801db2e,250,10,go_pure,76
bf37268e-c59f-472c-b26a-f6a344c6024f,250,11,kt_coordinator,201
bf37268e-c59f-472c-b26a-f6a344c6024f,250,11,kt_coordinator,99
bf37268e-c59f-472c-b26a-f6a344c6024f,250,11,kt_coordinator,71
a27734de-f3e3-4fe4-8ed0-b949bf0f123a,250,11,kt_fan,91
a27734de-f3e3-4fe4-8ed0-b949bf0f123a,250,11,kt_fan,42
a27734de-f3e3-4fe4-8ed0-b949bf0f123a,250,11,kt_fan,25
ccad39ce-f99f-4abc-a214-d7b65aef935e,250,11,kt_pure,287
ccad39ce-f99f-4abc-a214-d7b65aef935e,250,11,kt_pure,192
ccad39ce-f99f-4abc-a214-d7b65aef935e,250,11,kt_pure,109
f4c94dcc-f44b-405e-a47d-1e3e22aaa515,250,11,go_coordinator,56
f4c94dcc-f44b-405e-a47d-1e3e22aaa515,250,11,go_coordinator,59
f4c94dcc-f44b-405e-a47d-1e3e22aaa515,250,11,go_coordinator,60
2c159cb9-797d-4e10-8dd0-2120bb5236df,250,11,go_fan,22
2c159cb9-797d-4e10-8dd0-2120bb5236df,250,11,go_fan,22
2c159cb9-797d-4e10-8dd0-2120bb5236df,250,11,go_fan,21
e6217083-6e35-4564-af69-2037f912d130,250,11,go_pure,95
e6217083-6e35-4564-af69-2037f912d130,250,11,go_pure,84
e6217083-6e35-4564-af69-2037f912d130,250,11,go_pure,84
68295ba5-8532-41d8-a4dd-8e15b51483b1,250,12,kt_coordinator,198
68295ba5-8532-41d8-a4dd-8e15b51483b1,250,12,kt_coordinator,114
68295ba5-8532-41d8-a4dd-8e15b51483b1,250,12,kt_coordinator,83
f76f9ee2-fca3-4e04-a251-5f34fdc16e3b,250,12,kt_fan,89
f76f9ee2-fca3-4e04-a251-5f34fdc16e3b,250,12,kt_fan,31
f76f9ee2-fca3-4e04-a251-5f34fdc16e3b,250,12,kt_fan,33
13355a0d-3c36-4fc1-83db-c73ec96bfbf6,250,12,kt_pure,276
13355a0d-3c36-4fc1-83db-c73ec96bfbf6,250,12,kt_pure,176
13355a0d-3c36-4fc1-83db-c73ec96bfbf6,250,12,kt_pure,104
3821f896-009a-4442-b235-3c7a03836f86,250,12,go_coordinator,56
3821f896-009a-4442-b235-3c7a03836f86,250,12,go_coordinator,60
3821f896-009a-4442-b235-3c7a03836f86,250,12,go_coordinator,56
a1c8b86f-d602-49a7-acdb-3b91d3ada7ec,250,12,go_fan,22
a1c8b86f-d602-49a7-acdb-3b91d3ada7ec,250,12,go_fan,21
a1c8b86f-d602-49a7-acdb-3b91d3ada7ec,250,12,go_fan,21
f50ffeb3-e74b-4002-9a8b-c2a9abf21a5d,250,12,go_pure,111
f50ffeb3-e74b-4002-9a8b-c2a9abf21a5d,250,12,go_pure,79
f50ffeb3-e74b-4002-9a8b-c2a9abf21a5d,250,12,go_pure,82
9e43b11c-ddfe-4e4b-a9e5-3eb2548d35ff,250,13,kt_coordinator,209
9e43b11c-ddfe-4e4b-a9e5-3eb2548d35ff,250,13,kt_coordinator,107
9e43b11c-ddfe-4e4b-a9e5-3eb2548d35ff,250,13,kt_coordinator,66
634898e0-3892-473c-949c-6e5f4bad2fd5,250,13,kt_fan,84
634898e0-3892-473c-949c-6e5f4bad2fd5,250,13,kt_fan,41
634898e0-3892-473c-949c-6e5f4bad2fd5,250,13,kt_fan,24
9643d8b4-9d20-440f-940f-6e1667c36cd5,250,13,kt_pure,270
9643d8b4-9d20-440f-940f-6e1667c36cd5,250,13,kt_pure,168
9643d8b4-9d20-440f-940f-6e1667c36cd5,250,13,kt_pure,98
0835d973-968a-4e46-be31-b538348d1231,250,13,go_coordinator,56
0835d973-968a-4e46-be31-b538348d1231,250,13,go_coordinator,60
0835d973-968a-4e46-be31-b538348d1231,250,13,go_coordinator,59
bcf930b9-4593-4a64-bc7a-b8c7f7e4a4ab,250,13,go_fan,23
bcf930b9-4593-4a64-bc7a-b8c7f7e4a4ab,250,13,go_fan,22
bcf930b9-4593-4a64-bc7a-b8c7f7e4a4ab,250,13,go_fan,21
f482def4-2cc6-476e-b43a-b790b99d0d62,250,13,go_pure,101
f482def4-2cc6-476e-b43a-b790b99d0d62,250,13,go_pure,85
f482def4-2cc6-476e-b43a-b790b99d0d62,250,13,go_pure,88
677b3d26-467e-40fe-8191-3cde4e7d0ab7,250,14,kt_coordinator,185
677b3d26-467e-40fe-8191-3cde4e7d0ab7,250,14,kt_coordinator,101
677b3d26-467e-40fe-8191-3cde4e7d0ab7,250,14,kt_coordinator,66
d3940b2a-444c-44f5-b7cc-bd9d57ae622a,250,14,kt_fan,98
d3940b2a-444c-44f5-b7cc-bd9d57ae622a,250,14,kt_fan,46
d3940b2a-444c-44f5-b7cc-bd9d57ae622a,250,14,kt_fan,26
37da3205-682a-411e-a0c0-d06f5cb54998,250,14,kt_pure,278
37da3205-682a-411e-a0c0-d06f5cb54998,250,14,kt_pure,178
37da3205-682a-411e-a0c0-d06f5cb54998,250,14,kt_pure,104
b498b5fd-91b4-448e-863d-4ce44a622dde,250,14,go_coordinator,56
b498b5fd-91b4-448e-863d-4ce44a622dde,250,14,go_coordinator,60
b498b5fd-91b4-448e-863d-4ce44a622dde,250,14,go_coordinator,55
2c75c8da-c11f-4027-99f3-dd3417ad0bf8,250,14,go_fan,22
2c75c8da-c11f-4027-99f3-dd3417ad0bf8,250,14,go_fan,22
2c75c8da-c11f-4027-99f3-dd3417ad0bf8,250,14,go_fan,21
5f91ef14-faf9-43d8-84e7-59e8cc98e8aa,250,14,go_pure,109
5f91ef14-faf9-43d8-84e7-59e8cc98e8aa,250,14,go_pure,91
5f91ef14-faf9-43d8-84e7-59e8cc98e8aa,250,14,go_pure,89
2018bad5-114a-4129-adbf-1b70ee3367ac,250,15,kt_coordinator,203
2018bad5-114a-4129-adbf-1b70ee3367ac,250,15,kt_coordinator,97
2018bad5-114a-4129-adbf-1b70ee3367ac,250,15,kt_coordinator,81
e583bbc4-ce04-48f8-aba5-3977b9842ce4,250,15,kt_fan,107
e583bbc4-ce04-48f8-aba5-3977b9842ce4,250,15,kt_fan,40
e583bbc4-ce04-48f8-aba5-3977b9842ce4,250,15,kt_fan,26
546c62ad-bbde-4914-a339-b3f8e73d4bed,250,15,kt_pure,273
546c62ad-bbde-4914-a339-b3f8e73d4bed,250,15,kt_pure,171
546c62ad-bbde-4914-a339-b3f8e73d4bed,250,15,kt_pure,103
897c6495-b231-48e1-9766-2272f2d467a6,250,15,go_coordinator,55
897c6495-b231-48e1-9766-2272f2d467a6,250,15,go_coordinator,56
897c6495-b231-48e1-9766-2272f2d467a6,250,15,go_coordinator,60
827da8f1-d0ee-487a-8c89-9d718f2d0d6a,250,15,go_fan,21
827da8f1-d0ee-487a-8c89-9d718f2d0d6a,250,15,go_fan,22
827da8f1-d0ee-487a-8c89-9d718f2d0d6a,250,15,go_fan,20
a6975d45-12e3-4533-87c5-6b6a0cdc78c2,250,15,go_pure,120
a6975d45-12e3-4533-87c5-6b6a0cdc78c2,250,15,go_pure,92
a6975d45-12e3-4533-87c5-6b6a0cdc78c2,250,15,go_pure,98
163e629b-72b3-4792-9dba-d5a250e9b75d,250,16,kt_coordinator,183
163e629b-72b3-4792-9dba-d5a250e9b75d,250,16,kt_coordinator,89
163e629b-72b3-4792-9dba-d5a250e9b75d,250,16,kt_coordinator,62
608c9183-f841-4b2a-aded-cd2114a27186,250,16,kt_fan,94
608c9183-f841-4b2a-aded-cd2114a27186,250,16,kt_fan,38
608c9183-f841-4b2a-aded-cd2114a27186,250,16,kt_fan,20
542fc1a1-8a6e-46f7-84f3-cbdcc7ef9e3a,250,16,kt_pure,286
542fc1a1-8a6e-46f7-84f3-cbdcc7ef9e3a,250,16,kt_pure,179
542fc1a1-8a6e-46f7-84f3-cbdcc7ef9e3a,250,16,kt_pure,109
bb4553c0-7b7e-477e-94ff-01da032303b5,250,16,go_coordinator,55
bb4553c0-7b7e-477e-94ff-01da032303b5,250,16,go_coordinator,52
bb4553c0-7b7e-477e-94ff-01da032303b5,250,16,go_coordinator,63
4c477121-4c68-401d-b415-dc4bf967de47,250,16,go_fan,22
4c477121-4c68-401d-b415-dc4bf967de47,250,16,go_fan,21
4c477121-4c68-401d-b415-dc4bf967de47,250,16,go_fan,22
d7e2cc09-d679-40a1-b6a0-62ae0a55a3ff,250,16,go_pure,111
d7e2cc09-d679-40a1-b6a0-62ae0a55a3ff,250,16,go_pure,87
d7e2cc09-d679-40a1-b6a0-62ae0a55a3ff,250,16,go_pure,89
f68ca39e-6eb9-4e43-84d4-1edbe760f4a8,250,17,kt_coordinator,190
f68ca39e-6eb9-4e43-84d4-1edbe760f4a8,250,17,kt_coordinator,106
f68ca39e-6eb9-4e43-84d4-1edbe760f4a8,250,17,kt_coordinator,58
704b7540-22e3-45ea-ae7f-6ceaa2fed14a,250,17,kt_fan,100
704b7540-22e3-45ea-ae7f-6ceaa2fed14a,250,17,kt_fan,39
704b7540-22e3-45ea-ae7f-6ceaa2fed14a,250,17,kt_fan,29
2aeb9853-07ae-476d-91a5-2a36fe1cfa0c,250,17,kt_pure,299
2aeb9853-07ae-476d-91a5-2a36fe1cfa0c,250,17,kt_pure,165
2aeb9853-07ae-476d-91a5-2a36fe1cfa0c,250,17,kt_pure,107
b6e9ba46-4db7-4dc3-8b72-700382021338,250,17,go_coordinator,56
b6e9ba46-4db7-4dc3-8b72-700382021338,250,17,go_coordinator,55
b6e9ba46-4db7-4dc3-8b72-700382021338,250,17,go_coordinator,59
2b534f53-49b5-4686-adca-1f6083d34f58,250,17,go_fan,22
2b534f53-49b5-4686-adca-1f6083d34f58,250,17,go_fan,22
2b534f53-49b5-4686-adca-1f6083d34f58,250,17,go_fan,21
951c13a5-96ed-43e9-bcf5-3e2e77879796,250,17,go_pure,121
951c13a5-96ed-43e9-bcf5-3e2e77879796,250,17,go_pure,89
951c13a5-96ed-43e9-bcf5-3e2e77879796,250,17,go_pure,92
13bb82c0-c189-4386-ae61-a1394383c31c,250,18,kt_coordinator,188
13bb82c0-c189-4386-ae61-a1394383c31c,250,18,kt_coordinator,100
13bb82c0-c189-4386-ae61-a1394383c31c,250,18,kt_coordinator,61
eee8b36d-dadf-4507-8dfa-345daefedf38,250,18,kt_fan,93
eee8b36d-dadf-4507-8dfa-345daefedf38,250,18,kt_fan,46
eee8b36d-dadf-4507-8dfa-345daefedf38,250,18,kt_fan,25
33f1bca7-66d7-4780-baf2-db4d1b3deb76,250,18,kt_pure,266
33f1bca7-66d7-4780-baf2-db4d1b3deb76,250,18,kt_pure,177
33f1bca7-66d7-4780-baf2-db4d1b3deb76,250,18,kt_pure,106
c0ffdea9-6909-40ce-9bcb-b2d46f76d6ea,250,18,go_coordinator,59
c0ffdea9-6909-40ce-9bcb-b2d46f76d6ea,250,18,go_coordinator,54
c0ffdea9-6909-40ce-9bcb-b2d46f76d6ea,250,18,go_coordinator,59
c9bc277f-acbb-4ba2-8717-2143d895d412,250,18,go_fan,23
c9bc277f-acbb-4ba2-8717-2143d895d412,250,18,go_fan,22
c9bc277f-acbb-4ba2-8717-2143d895d412,250,18,go_fan,23
4a6ad727-ecc9-43f5-ab0c-33718f23a697,250,18,go_pure,117
4a6ad727-ecc9-43f5-ab0c-33718f23a697,250,18,go_pure,95
4a6ad727-ecc9-43f5-ab0c-33718f23a697,250,18,go_pure,94
cf683954-9467-47a7-b495-9af466a9b1de,250,19,kt_coordinator,196
cf683954-9467-47a7-b495-9af466a9b1de,250,19,kt_coordinator,109
cf683954-9467-47a7-b495-9af466a9b1de,250,19,kt_coordinator,66
7ac9a498-f853-4d17-924b-b7c2941292b7,250,19,kt_fan,105
7ac9a498-f853-4d17-924b-b7c2941292b7,250,19,kt_fan,47
7ac9a498-f853-4d17-924b-b7c2941292b7,250,19,kt_fan,27
7df55923-eb2c-437f-80b8-4d3698a7e5ee,250,19,kt_pure,275
7df55923-eb2c-437f-80b8-4d3698a7e5ee,250,19,kt_pure,165
7df55923-eb2c-437f-80b8-4d3698a7e5ee,250,19,kt_pure,99
929d6440-6fa6-4e9c-a725-bce0a5a09ac5,250,19,go_coordinator,56
929d6440-6fa6-4e9c-a725-bce0a5a09ac5,250,19,go_coordinator,58
929d6440-6fa6-4e9c-a725-bce0a5a09ac5,250,19,go_coordinator,61
2b432e62-b835-4af8-8c8a-29b13c982b82,250,19,go_fan,22
2b432e62-b835-4af8-8c8a-29b13c982b82,250,19,go_fan,22
2b432e62-b835-4af8-8c8a-29b13c982b82,250,19,go_fan,21
d096ddf3-db6b-4949-ab62-5f0b3bbfbdd1,250,19,go_pure,118
d096ddf3-db6b-4949-ab62-5f0b3bbfbdd1,250,19,go_pure,91
d096ddf3-db6b-4949-ab62-5f0b3bbfbdd1,250,19,go_pure,87
8ba93138-34c0-4abb-a179-25fa135bf67f,250,20,kt_coordinator,187
8ba93138-34c0-4abb-a179-25fa135bf67f,250,20,kt_coordinator,95
8ba93138-34c0-4abb-a179-25fa135bf67f,250,20,kt_coordinator,60
20e90814-afad-4694-8e04-f98d4f242fdc,250,20,kt_fan,86
20e90814-afad-4694-8e04-f98d4f242fdc,250,20,kt_fan,40
20e90814-afad-4694-8e04-f98d4f242fdc,250,20,kt_fan,23
a7f379f2-e532-4b6d-8d82-4fc44ee9996d,250,20,kt_pure,272
a7f379f2-e532-4b6d-8d82-4fc44ee9996d,250,20,kt_pure,159
a7f379f2-e532-4b6d-8d82-4fc44ee9996d,250,20,kt_pure,106
57c073a5-72f6-4246-8902-026a63c15225,250,20,go_coordinator,56
57c073a5-72f6-4246-8902-026a63c15225,250,20,go_coordinator,61
57c073a5-72f6-4246-8902-026a63c15225,250,20,go_coordinator,62
179ad08b-1be7-4560-b524-68a2843731b2,250,20,go_fan,22
179ad08b-1be7-4560-b524-68a2843731b2,250,20,go_fan,21
179ad08b-1be7-4560-b524-68a2843731b2,250,20,go_fan,21
8ad46de1-dad5-4550-b24b-6accffe5f983,250,20,go_pure,119
8ad46de1-dad5-4550-b24b-6accffe5f983,250,20,go_pure,89
8ad46de1-dad5-4550-b24b-6accffe5f983,250,20,go_pure,87
2f9ffbc4-817d-49d7-9e0a-45c20cddcc5d,250,25,kt_coordinator,190
2f9ffbc4-817d-49d7-9e0a-45c20cddcc5d,250,25,kt_coordinator,101
2f9ffbc4-817d-49d7-9e0a-45c20cddcc5d,250,25,kt_coordinator,67
4eed2570-86b3-4c4c-8f5b-ff44f1cd1f48,250,25,kt_fan,96
4eed2570-86b3-4c4c-8f5b-ff44f1cd1f48,250,25,kt_fan,45
4eed2570-86b3-4c4c-8f5b-ff44f1cd1f48,250,25,kt_fan,28
998a0d90-1e5c-48ac-9715-76f68fc0dde4,250,25,kt_pure,281
998a0d90-1e5c-48ac-9715-76f68fc0dde4,250,25,kt_pure,164
998a0d90-1e5c-48ac-9715-76f68fc0dde4,250,25,kt_pure,93
5e256757-9ccc-423a-9855-5d28207c6968,250,25,go_coordinator,55
5e256757-9ccc-423a-9855-5d28207c6968,250,25,go_coordinator,64
5e256757-9ccc-423a-9855-5d28207c6968,250,25,go_coordinator,57
d7d2f9eb-52f5-4c5e-a81f-3dac643a9938,250,25,go_fan,22
d7d2f9eb-52f5-4c5e-a81f-3dac643a9938,250,25,go_fan,23
d7d2f9eb-52f5-4c5e-a81f-3dac643a9938,250,25,go_fan,20
8b20c080-5b95-495a-b73c-87dcfff73561,250,25,go_pure,137
8b20c080-5b95-495a-b73c-87dcfff73561,250,25,go_pure,97
8b20c080-5b95-495a-b73c-87dcfff73561,250,25,go_pure,98
58cb1101-812d-462e-9888-c861e0609c88,250,30,kt_coordinator,194
58cb1101-812d-462e-9888-c861e0609c88,250,30,kt_coordinator,112
58cb1101-812d-462e-9888-c861e0609c88,250,30,kt_coordinator,67
ed1b49fc-9a64-4f0e-ab0e-e1dfb220e707,250,30,kt_fan,100
ed1b49fc-9a64-4f0e-ab0e-e1dfb220e707,250,30,kt_fan,40
ed1b49fc-9a64-4f0e-ab0e-e1dfb220e707,250,30,kt_fan,29
9f8deff4-5918-46c9-9ee1-78af34187f58,250,30,kt_pure,288
9f8deff4-5918-46c9-9ee1-78af34187f58,250,30,kt_pure,176
9f8deff4-5918-46c9-9ee1-78af34187f58,250,30,kt_pure,105
59f07d2e-81ed-45b8-956e-1e0df3aee8c2,250,30,go_coordinator,55
59f07d2e-81ed-45b8-956e-1e0df3aee8c2,250,30,go_coordinator,65
59f07d2e-81ed-45b8-956e-1e0df3aee8c2,250,30,go_coordinator,55
ca6f8459-094c-4cea-9a71-b06ba7d77d28,250,30,go_fan,23
ca6f8459-094c-4cea-9a71-b06ba7d77d28,250,30,go_fan,22
ca6f8459-094c-4cea-9a71-b06ba7d77d28,250,30,go_fan,22
726124a4-ae5a-462e-9fbb-b860f212b379,250,30,go_pure,143
726124a4-ae5a-462e-9fbb-b860f212b379,250,30,go_pure,111
726124a4-ae5a-462e-9fbb-b860f212b379,250,30,go_pure,99
2ff473d8-bfdd-472f-8c71-3706658cf1f9,250,35,kt_coordinator,185
2ff473d8-bfdd-472f-8c71-3706658cf1f9,250,35,kt_coordinator,92
2ff473d8-bfdd-472f-8c71-3706658cf1f9,250,35,kt_coordinator,63
5e739241-772b-4c3e-93d1-0d316eea6ef2,250,35,kt_fan,96
5e739241-772b-4c3e-93d1-0d316eea6ef2,250,35,kt_fan,39
5e739241-772b-4c3e-93d1-0d316eea6ef2,250,35,kt_fan,24
ab42d88e-a833-4dff-90a2-6befb17eae6d,250,35,kt_pure,272
ab42d88e-a833-4dff-90a2-6befb17eae6d,250,35,kt_pure,171
ab42d88e-a833-4dff-90a2-6befb17eae6d,250,35,kt_pure,102
7d0f949a-0fb1-4e30-964e-6b7af47395df,250,35,go_coordinator,54
7d0f949a-0fb1-4e30-964e-6b7af47395df,250,35,go_coordinator,54
7d0f949a-0fb1-4e30-964e-6b7af47395df,250,35,go_coordinator,64
fe7d5246-fcfb-483d-b511-dc791e9dd289,250,35,go_fan,21
fe7d5246-fcfb-483d-b511-dc791e9dd289,250,35,go_fan,22
fe7d5246-fcfb-483d-b511-dc791e9dd289,250,35,go_fan,21
3c7036f0-21e0-4707-ad03-ad9a0f1567a3,250,35,go_pure,156
3c7036f0-21e0-4707-ad03-ad9a0f1567a3,250,35,go_pure,119
3c7036f0-21e0-4707-ad03-ad9a0f1567a3,250,35,go_pure,100
91d43097-ce00-4bf4-b544-f3b87e0145a3,250,40,kt_coordinator,190
91d43097-ce00-4bf4-b544-f3b87e0145a3,250,40,kt_coordinator,109
91d43097-ce00-4bf4-b544-f3b87e0145a3,250,40,kt_coordinator,63
52e2e4c9-2ae8-4ac6-b9d4-9b2c4e70bcb4,250,40,kt_fan,105
52e2e4c9-2ae8-4ac6-b9d4-9b2c4e70bcb4,250,40,kt_fan,34
52e2e4c9-2ae8-4ac6-b9d4-9b2c4e70bcb4,250,40,kt_fan,31
968d5876-1dad-4d10-9f79-79902d8a9327,250,40,kt_pure,277
968d5876-1dad-4d10-9f79-79902d8a9327,250,40,kt_pure,170
968d5876-1dad-4d10-9f79-79902d8a9327,250,40,kt_pure,103
46c55ee7-cfa2-45cf-8358-68860090dc04,250,40,go_coordinator,53
46c55ee7-cfa2-45cf-8358-68860090dc04,250,40,go_coordinator,58
46c55ee7-cfa2-45cf-8358-68860090dc04,250,40,go_coordinator,62
9ad81c90-9757-4346-9b37-6442dd4e68bf,250,40,go_fan,22
9ad81c90-9757-4346-9b37-6442dd4e68bf,250,40,go_fan,22
9ad81c90-9757-4346-9b37-6442dd4e68bf,250,40,go_fan,22
8832be3e-9a69-4e4d-8a66-1599d9f2f746,250,40,go_pure,153
8832be3e-9a69-4e4d-8a66-1599d9f2f746,250,40,go_pure,112
8832be3e-9a69-4e4d-8a66-1599d9f2f746,250,40,go_pure,96
e943b151-cee7-4dad-862f-ab746a9b89f9,250,45,kt_coordinator,199
e943b151-cee7-4dad-862f-ab746a9b89f9,250,45,kt_coordinator,93
e943b151-cee7-4dad-862f-ab746a9b89f9,250,45,kt_coordinator,73
6adf21ce-ed89-4f51-b92b-3c87a1ec1542,250,45,kt_fan,99
6adf21ce-ed89-4f51-b92b-3c87a1ec1542,250,45,kt_fan,42
6adf21ce-ed89-4f51-b92b-3c87a1ec1542,250,45,kt_fan,24
b94be2e2-7584-4869-9dee-720dae8f6334,250,45,kt_pure,279
b94be2e2-7584-4869-9dee-720dae8f6334,250,45,kt_pure,176
b94be2e2-7584-4869-9dee-720dae8f6334,250,45,kt_pure,109
c1b421d9-1cbc-45a9-93e0-e25deccd729a,250,45,go_coordinator,52
c1b421d9-1cbc-45a9-93e0-e25deccd729a,250,45,go_coordinator,61
c1b421d9-1cbc-45a9-93e0-e25deccd729a,250,45,go_coordinator,63
ece31c54-2946-4298-af0f-a9ee2c7affac,250,45,go_fan,23
ece31c54-2946-4298-af0f-a9ee2c7affac,250,45,go_fan,21
ece31c54-2946-4298-af0f-a9ee2c7affac,250,45,go_fan,21
2a89347d-74a2-4d48-ba35-fb5aeda7a06c,250,45,go_pure,161
2a89347d-74a2-4d48-ba35-fb5aeda7a06c,250,45,go_pure,118
2a89347d-74a2-4d48-ba35-fb5aeda7a06c,250,45,go_pure,107
ccb31f8a-a180-4a7b-ab87-7eb055e41d4d,250,50,kt_coordinator,194
ccb31f8a-a180-4a7b-ab87-7eb055e41d4d,250,50,kt_coordinator,92
ccb31f8a-a180-4a7b-ab87-7eb055e41d4d,250,50,kt_coordinator,61
e8a891ce-2409-409d-826c-91447be34459,250,50,kt_fan,97
e8a891ce-2409-409d-826c-91447be34459,250,50,kt_fan,41
e8a891ce-2409-409d-826c-91447be34459,250,50,kt_fan,30
c30cb9df-1435-40bf-9d49-de811f68f286,250,50,kt_pure,319
c30cb9df-1435-40bf-9d49-de811f68f286,250,50,kt_pure,183
c30cb9df-1435-40bf-9d49-de811f68f286,250,50,kt_pure,110
25c86ea7-dbc7-455f-93d6-4079ab9bae2e,250,50,go_coordinator,54
25c86ea7-dbc7-455f-93d6-4079ab9bae2e,250,50,go_coordinator,66
25c86ea7-dbc7-455f-93d6-4079ab9bae2e,250,50,go_coordinator,58
306b3968-28cf-4e5d-8027-2dbaabce00e7,250,50,go_fan,22
306b3968-28cf-4e5d-8027-2dbaabce00e7,250,50,go_fan,21
306b3968-28cf-4e5d-8027-2dbaabce00e7,250,50,go_fan,21
22719ac8-aa73-419e-bde9-63fc8ea867f3,250,50,go_pure,168
22719ac8-aa73-419e-bde9-63fc8ea867f3,250,50,go_pure,121
22719ac8-aa73-419e-bde9-63fc8ea867f3,250,50,go_pure,101
